{"fdr": {"value": [0.2647058823529412, 0.3055555555555556, 0.2727272727272727, 0.3235294117647059, 0.38095238095238093, 0.2857142857142857, 0.2894736842105263, 0.38235294117647056, 0.2777777777777778, 0.2894736842105263], "mean": 0.3072262876442443, "std": 0.04038142124956515}, "tpr": {"value": [0.8333333333333334, 0.8333333333333334, 0.8, 0.7666666666666667, 0.8666666666666667, 0.8333333333333334, 0.9, 0.7, 0.8666666666666667, 0.9], "mean": 0.8300000000000001, "std": 0.05859465277082316}, "fpr": {"value": [0.6, 0.7333333333333333, 0.6, 0.7333333333333333, 1.0666666666666667, 0.6666666666666666, 0.7333333333333333, 0.8666666666666667, 0.6666666666666666, 0.7333333333333333], "mean": 0.74, "std": 0.13148721948877348}, "shd": {"value": [14, 16, 15, 18, 19, 15, 14, 20, 14, 14], "mean": 15.9, "std": 2.1656407827707715}, "nnz": {"value": [34, 36, 33, 34, 42, 35, 38, 34, 36, 38], "mean": 36.0, "std": 2.569046515733026}}