{"fdr": {"value": [0.29411764705882354, 0.2857142857142857, 0.29411764705882354, 0.3235294117647059, 0.38095238095238093, 0.2647058823529412, 0.2894736842105263, 0.3783783783783784, 0.24242424242424243, 0.20588235294117646], "mean": 0.2959295912856284, "std": 0.051852938512541843}, "tpr": {"value": [0.8, 0.8333333333333334, 0.8, 0.7666666666666667, 0.8666666666666667, 0.8333333333333334, 0.9, 0.7666666666666667, 0.8333333333333334, 0.9], "mean": 0.8300000000000001, "std": 0.04582575694955839}, "fpr": {"value": [0.6666666666666666, 0.6666666666666666, 0.6666666666666666, 0.7333333333333333, 1.0666666666666667, 0.6, 0.7333333333333333, 0.9333333333333333, 0.5333333333333333, 0.4666666666666667], "mean": 0.7066666666666667, "std": 0.16918103387266029}, "shd": {"value": [16, 15, 16, 18, 19, 14, 14, 19, 13, 10], "mean": 15.4, "std": 2.6907248094147422}, "nnz": {"value": [34, 35, 34, 34, 42, 34, 38, 37, 33, 34], "mean": 35.5, "std": 2.6172504656604803}}