{"fdr": {"value": [0.19444444444444445, 0.08108108108108109, 0.17647058823529413, 0.10810810810810811, 0.11764705882352941, 0.11428571428571428, 0.09090909090909091, 0.2, 0.17142857142857143, 0.1388888888888889], "mean": 0.13932635462047227, "std": 0.0411558994865692}, "tpr": {"value": [0.725, 0.85, 0.7, 0.825, 0.75, 0.775, 0.75, 0.7, 0.725, 0.775], "mean": 0.7575, "std": 0.04750000000000001}, "fpr": {"value": [1.4, 0.6, 1.2, 0.8, 0.8, 0.8, 0.6, 1.4, 1.2, 1.0], "mean": 0.9799999999999999, "std": 0.2891366458960192}, "shd": {"value": [14, 9, 17, 11, 14, 13, 12, 15, 15, 13], "mean": 13.3, "std": 2.147091055358389}, "nnz": {"value": [36, 37, 34, 37, 34, 35, 33, 35, 35, 36], "mean": 35.2, "std": 1.2489995996796797}}