{"fdr": {"value": [0.2, 0.08108108108108109, 0.17647058823529413, 0.10810810810810811, 0.11764705882352941, 0.13157894736842105, 0.09090909090909091, 0.2, 0.19444444444444445, 0.14285714285714285], "mean": 0.1443096461827112, "std": 0.04334253261779918}, "tpr": {"value": [0.7, 0.85, 0.7, 0.825, 0.75, 0.825, 0.75, 0.7, 0.725, 0.75], "mean": 0.7575, "std": 0.05367727638395972}, "fpr": {"value": [1.4, 0.6, 1.2, 0.8, 0.8, 1.0, 0.6, 1.4, 1.4, 1.0], "mean": 1.02, "std": 0.30265491900843106}, "shd": {"value": [15, 9, 17, 11, 14, 12, 12, 15, 16, 14], "mean": 13.5, "std": 2.3345235059857505}, "nnz": {"value": [35, 37, 34, 37, 34, 38, 33, 35, 36, 35], "mean": 35.4, "std": 1.4966629547095767}}